file_id,sect_id,page_id,sent_id,C,V,M
PKS_007,PKS_007.001,PKS_007.001.001,PKS_007.001.001,子程子曰：大學，孔氏之遺書，而初學入德之門也。於今可見古人為學次第者，獨賴此篇之存，而論 ，孟次之。學者必由是而學焉，則庶乎其不差矣。,"Tử Trình tử viết: “Đại học Khổng thị chi di thư, nhi sơ học nhập đức chi môn dã. Ư kim khả kiến cổ nhân vi học thứ đệ giả, độc lại thử thiên chi tồn, nhi Luận, Mạnh thứ chi. Học giả tất do thị nhi học yên, tắc thứ hồ kỳ bất sai hỹ.","Thầy Trình tử nói: “Đại Học, sách của họ Khổng để lại, là cửa vào đức hạnh của người mới học. Vào thời nay, có thể thấy người xưa học hành có thứ tự là nhờ đọc thiên sách còn lại này, rồi đến sách Luận Ngữ, sách Mạnh tử. Người học ắt do đấy mà học, thì gần như không sai lầm vậy.”"
PKS_007,PKS_007.002,PKS_007.002.001,PKS_007.002.001,大學之道；在明明德，在親民，在止於至善。,"Đại học chi đạo, tại minh Minh Đức, tại thân dân, tại chỉ ư chí thiện.","Đường lối của bậc đại học ở chỗ làm sáng tỏ năng lực sáng láng, ở chỗ thân yêu mọi người, ở chỗ dừng trong sự tốt lành cùng cực."
PKS_007,PKS_007.002,PKS_007.002.001,PKS_007.002.002,知止而后有定，定而后能靜，靜而后能安，安而后能慮，慮而后能得。,"Tri chỉ nhi hậu hữu định, định nhi hậu năng tĩnh, tĩnh nhi hậu năng an, an nhi hậu năng lự, lự nhi hậu năng đắc.","Biết dừng, rồi sau mới có ổn định. Ổn định, rồi sau mới có thể thinh lặng. Thinh lặng, rồi sau mới có thể yên vui. Yên vui, rồi sau mới có thể nghĩ ngợi toan tính. Nghĩ ngợi toan tính, rồi sau mới có thể đạt được."
PKS_007,PKS_007.002,PKS_007.002.001,PKS_007.002.003,物有本末，事有終始，知所先後，則近道矣。,"Vật hữu bản mạt, sự hữu chung thủy, tri sở tiên hậu, tắc cận đạo hỷ.","Vật có gốc ngọn, việc có đầu, cuối. Biết chỗ trước, sau; thì gần được chân lý."
PKS_007,PKS_007.002,PKS_007.002.001,PKS_007.002.004,古之欲明明德於天下者，先治其國；欲治其國者，先齊其家；欲齊其家者，先脩其身；欲脩其身者，先正其心；欲正其心者，先誠其意；欲誠其意者，先致其知；致知在格物。,"Cổ chi dục minh minh đức ư thiên hạ giả, tiên trị kỳ quốc. Dục trị kỳ quốc giả, tiên tề kỳ gia. Dục tề kỳ gia giả, tiên tu kỳ thân. Dục tu kỳ thân giả, tiên chính kỳ tâm. Dục chính kỳ tâm giả, tiên thành kỳ ý. Dục thành kỳ ý giả, tiên trí kỳ tri. Trí tri tại cách vật.","Người xưa muốn làm sáng tỏ cái năng lực sáng láng ở trong thiên hạ, trước là sửa trị nước mình. Muốn sửa trị nước mình, trước là điều chỉnh nhà mình. Muốn điều chỉnh nhà mình, trước là sửa thân mình. Muốn sửa thân mình, trước là làm cho lòng mình được chính đáng. Muốn lòng mình được chính đáng, trước là làm cho ý mình được thành thật. Muốn ý mình được thành thật, trước là đạt đến cùng sự hiểu biết. Hiểu biết đến cùng ở tại sự tìm xét đến cùng sự vật."
PKS_007,PKS_007.002,PKS_007.002.001,PKS_007.002.005,物格而后知至，知至而后意誠，意誠而后心正，心正而后身脩，身脩而 后家齊，家齊而后國治，國治而后天下平。,"Vật cách, nhi hậu tri chí. Tri chí, nhi hậu ý thành. Ý thành, nhi hậu tâm chính. Tâm chính, nhi hậu thân tu. Thân tu, nhi hậu gia tề. Gia tề, nhi hậu quốc trị. Quốc trị, nhi hậu thiên hạ bình.","Sự vật được xét đến cùng rồi sau mới hiểu biết thấu đáo. Hiểu biết thấu đáo rồi sau mới có ý thành thật. Ý thành thật rồi sau mới có lòng chính đáng. Lòng chính đáng rồi sau mới có thân được sửa. Thân được sửa rồi sau mới có nhà được điều chỉnh. Nhà được điều chỉnh rồi sau mới có nước được sửa trị. Nước được sửa trị, rồi sau thiên hạ mới được thái bình."
PKS_007,PKS_007.002,PKS_007.002.001,PKS_007.002.006,自天子以至於庶人，壹是皆以脩身為本。其本亂而末治者否矣；其所厚者薄，而其所薄者厚，未之有也。,"Tự thiên tử dĩ chí ư thứ nhân, nhất thị giai dĩ tu thân vi bản. Kỳ bản loạn, nhi mạt trị giả, phủ hỹ. Kỳ sở hậu giả bạc, nhi kỳ sở bạc giả hậu, vị chi hữu dã.","Từ thiên tử cho tới thường dân, tất cả đều phải lấy việc sửa mình làm gốc. Gốc rối loạn, mà ngọn được sửa trị, chẳng có vậy. Nơi đáng dày lại mỏng, mà nơi đáng mỏng lại dày, chưa hề có vậy."
PKS_007,PKS_007.002,PKS_007.002.001,PKS_007.002.007,(右經一章，蓋孔子之言，而曾子述之。其傳十章，則曾子之意，而門人記之也。舊本頗有錯簡，今因程子所定，而更考經文，別為序次如左。),"“Hữu kinh nhất chương, cái Khổng tử chi ngôn, nhi Tăng tử thuật chi. Kỳ truyện thập chương, tắc Tăng tử chi ý, nhi môn nhân ký chi dã. Cựu bản phả hữu thác giản, kim nhân Trình tử sở định, nhi cánh khảo kinh văn, biệt vi thứ tự như tả” (Chu Hy)","“Trên đây là một chương Kinh, đó là lời Khổng tử, mà Tăng tử thuật lại, phần Truyện có mười chương, là ý của Tăng tử mà các đệ tử ghi chép lại. Bản sách cũ có lắm chỗ (thẻ tre) lẫn lộn, nay nhân có sự xác định của Trình tử, (tôi) khảo cứu thêm kinh văn, đem phân biệt thứ tự như dưới đây” (Chu Hy)."
PKS_007,PKS_007.003,PKS_007.003.001,PKS_007.003.001,康誥曰：克明德。,Khang Cáo viết: “Khắc minh đức.”,Thiên Khang Cáo nói rằng: “Hay làm sáng tỏ đức.”
PKS_007,PKS_007.003,PKS_007.003.001,PKS_007.003.002,大甲曰：顧諟天之明命。,Thái Giáp viết: “Cố thị thiên chi minh mệnh.”,Thiên Thái Giáp nói rằng: “Nhìn lại xét cho rõ cái phần sáng láng của Trời.”
PKS_007,PKS_007.003,PKS_007.003.001,PKS_007.003.003,帝典曰：克明峻德。,Đế Điển viết: “Khắc minh tuấn đức.”,Thiên Đế Điển nói rằng: “Hay làm sáng tỏ đức lớn lao.”
PKS_007,PKS_007.003,PKS_007.003.001,PKS_007.003.004,皆自明也。,Giai tự minh dã.,Đều là [nói việc] tự làm sáng tỏ ra.
PKS_007,PKS_007.003,PKS_007.003.001,PKS_007.003.005,右傳之首章。釋明明德。,"Hữu truyện chi thủ chương, thích “minh minh đức”.","Trên đây là chương đầu của phần Truyện, giải rõ [ý nghĩa của] “minh minh đức”."
PKS_007,PKS_007.004,PKS_007.004.002,PKS_007.004.001,湯之盤銘曰：茍日新，日日新，又日新。,"Thang chi bàn minh viết: “Cẩu nhật tân, nhật nhật tân, hựu nhật tân.”","Bồn tắm của vua Thang có bài văn để ghi nhớ rằng: “Ví như mỗi ngày một mới, thì ngày ngày phải đổi mới, ngày lại ngày đổi mới.”"
PKS_007,PKS_007.004,PKS_007.004.002,PKS_007.004.002,康誥曰，作新民。,Khang Cáo viết: “Tác tân dân.”,Thiên Khang Cáo nói rằng: “Hãy tạo nên sự đổi mới trong dân chúng.”
PKS_007,PKS_007.004,PKS_007.004.002,PKS_007.004.003,詩曰：周雖舊邦。其命維新。,"Thi viết: “Chu tuy cựu bang, kỳ mệnh duy tân.”","Kinh Thi nói rằng: “Nhà Chu tuy là nước đã lâu đời, nhưng có mệnh đổi mới.”"
PKS_007,PKS_007.004,PKS_007.004.002,PKS_007.004.004,是故君子無所不用其極。,Thị cố quân tử vô sở bất dụng kỳ cực.,Vậy nên bậc quân tử không có chỗ nào mà không vận dụng đến cùng tột.
PKS_007,PKS_007.004,PKS_007.004.002,PKS_007.004.005,右傳之二章，釋新民。,"Hữu truyện chị nhị chương, thích “tân dân.”","Trên đây là chương thứ hai của phần Truyện, giải rõ [ý nghĩa] “tân dân.”"
PKS_007,PKS_007.005,PKS_007.005.003,PKS_007.005.001,詩云：邦畿千里，惟民所止。,"Thi vân: “Bang kỳ thiên lý, duy dân sở chi.”","Kinh Thi rằng: “Chốn kinh kỳ nghìn dặm, là nơi dân dừng lại.”"
PKS_007,PKS_007.005,PKS_007.005.003,PKS_007.005.002,詩云：緡蠻黃鳥，止于丘隅。,"Thi vân: “Miên man hoàng điểu, chỉ vu khâu ngưng.”","Kinh Thi rằng: “Chim vàng líu lo, đậu lại góc gò.” Đức Khổng nói: “Ôi đậu lại, biết chỗ nào đậu, có thể nào người mà không như chim sao?”"
PKS_007,PKS_007.005,PKS_007.005.003,PKS_007.005.003,子曰：於止，知其所止，可以人而不如鳥乎？,"Tử viết: “Ư chỉ, tri kỳ sở chỉ, khả dĩ nhân nhi bất như điểu hồ?”","Kinh Thi rằng: “Văn Vương sâu xa chừng nào! Ôi, biết dừng cùng với sự sáng suốt kết với niềm cung kính.” Ở địa vị vua, (ngài) dừng lại trong đức nhân; ở địa vị bầy tôi, dừng lại trong đức kính; ở địa vị người con, dừng lại trong đức hiếu; ở địa vị người cha, dừng lại trong đức từ; cùng với người trong nước kết giao, dừng lại trong đức tín.”"
PKS_007,PKS_007.005,PKS_007.005.003,PKS_007.005.004,詩云：穆穆文王，於緝熙敬止。為人君，止於仁；為人臣，止於敬；為人子，止於孝；為人父，止於慈；與國人交，止於信。,"Thi vân: “Mục mục Văn Vương, ô tập hy kính chỉ.” Vi nhân quân, chỉ ư nhân; vi nhân thần, chỉ ư kính; vi nhân tử, chỉ ư hiếu; vì nhân phụ, chỉ từ; dữ quốc nhân giao, chỉ ư tín.",Kinh Thi rằng:
PKS_007,PKS_007.005,PKS_007.005.003,PKS_007.005.005,詩云：瞻彼淇澳，,"Thi vân: “Chiêm bỉ Kỳ úc,","“Nhìn bên khuỷu sông Kỳ kia,"
PKS_007,PKS_007.005,PKS_007.005.003,PKS_007.005.006,菉竹猗猗；,Lục Trúc a a!,Bụi tre xanh ngăn ngắt.
PKS_007,PKS_007.005,PKS_007.005.003,PKS_007.005.007,有斐君子，,"Hữu phỉ quân tử,","Có người quân tử nhã nhặn,"
PKS_007,PKS_007.005,PKS_007.005.003,PKS_007.005.008,如切如磋，,"Như thiết như tha,","Như khắc, như giũa,"
PKS_007,PKS_007.005,PKS_007.005.003,PKS_007.005.009,如琢如磨；,Như trác như ma!,"Như trau, như mài!"
PKS_007,PKS_007.005,PKS_007.005.003,PKS_007.005.010,瑟兮僩兮，,"Sắt hề, giản hề,","Nghiêm biết bao, mạnh biết bao,"
PKS_007,PKS_007.005,PKS_007.005.003,PKS_007.005.011,赫兮喧兮；,"Hách hề, huyến hề,","Sáng tỏ biết bao, rực rỡ biết bao!"
PKS_007,PKS_007.005,PKS_007.005.003,PKS_007.005.012,有斐君子，,"Hữu phỉ quân tử,","Có người quân tử nhã nhặn,"
PKS_007,PKS_007.005,PKS_007.005.003,PKS_007.005.013,終不可諠兮。,Chung bất khả huyên hề!”,Trọn đời chẳng thể nào quên!”
PKS_007,PKS_007.005,PKS_007.005.003,PKS_007.005.014,如切如磋者，道學也；,"Như thiết như tha giả, đạo học dã.","Như khắc như giũa, ấy là đường lối học tập."
PKS_007,PKS_007.005,PKS_007.005.003,PKS_007.005.015,如琢如磨者，自脩也；,"Như trác như ma giả, tự tu dã.","Như trau, như mài, ấy là tự sửa mình."
PKS_007,PKS_007.005,PKS_007.005.003,PKS_007.005.016,瑟兮僩兮者，恂慄也；,"Sắt hề, giản hề giả, tuân lật dã.","Nghiêm biết bao, mạnh biết bao, ấy là đáng kính nể."
PKS_007,PKS_007.005,PKS_007.005.003,PKS_007.005.017,赫兮喧兮者，威儀也；,"Hách hề, huyến hề giả, uy nghi dã.","Sáng tỏ biết bao, rực rỡ biết bao, ấy là thật uy nghi."
PKS_007,PKS_007.005,PKS_007.005.003,PKS_007.005.018,有斐君子，終不可諠兮者，道盛德至善，民之不能忘也。,"Hữu phỉ quân tử, chung bất khả huyên hề giả, đạo thịnh đức chí thiện, dân chi bất năng vong dã.","Có người quân tử nhã nhặn, trọn đời chẳng thể nào quên, ấy là đường lối thịnh đức chí thiện, dân không thể quên được vậy."
PKS_007,PKS_007.005,PKS_007.005.003,PKS_007.005.019,詩云：於戲!前王不忘。君子賢其賢而親其親，小人樂其樂而利其利，此以沒世不忘也。,"Thi vân: “Ô hô tiền vương bất vong.” Quân tử hiền kỳ hiền, nhi thân kỳ thân; tiểu nhân lạc kỳ lạc, nhi lợi kỳ lợi. Thử dĩ một thế bất vong dã.","Kinh Thi rằng: “Hỡi ôi, các vua đời trước, người ta chẳng quên.” Người quân tử quí trọng tài năng đức hạnh, mà thân yêu người thân; kẻ tiểu nhân yêu thích điều vui, mà hưởng nhờ điều lợi. Vì thế hết đời người ta chẳng quên vậy."
PKS_007,PKS_007.005,PKS_007.005.003,PKS_007.005.020,右傳之三章，釋止於至善。,"Hữu truyện chi tam chương, thích “chỉ ư chí thiện”.","Trên đây là chương thứ ba của phần Truyện, giải rõ [ý nghĩa] “chỉ ư chí thiện”."
PKS_007,PKS_007.006,PKS_007.006.004,PKS_007.006.001,子曰：聽訟，吾猶人也；必也使無訟乎!,Tử viết: “Thính tụng ngô do nhân dã. Tất dã sử vô tụng hồ?”,"Đức Khổng nói: “Xử kiện, ta cũng như người. Ắt là phải khiến cho không có việc kiện chứ.”"
PKS_007,PKS_007.006,PKS_007.006.004,PKS_007.006.002,無情者不得盡其辭，大畏民志；此謂知本。,"Vô tình giả bất đắc tận kỳ từ, đại úy dân chí. Thử vị tri bản.","(Khiến cho) những kẻ gian dối không nói được hết lời, (khiến cho) lòng dân rất sợ sệt. Đó gọi là biết gốc."
PKS_007,PKS_007.006,PKS_007.006.004,PKS_007.006.003,右傳之四章，釋本末。此謂知本。 此謂知之至也。,"Hữu truyện chi tứ chương, thích “bản, mạt”. Thử vị tri bản, thử vị tri chi chí dã.","Trên đây là chương thứ tư của phần Truyện, giải rõ [ý nghĩa] “gốc, ngọn.” Đó gọi là biết gốc, đó gọi là biết cùng tột vậy."
PKS_007,PKS_007.007,PKS_007.007.005,PKS_007.007.001,右傳之五章，蓋釋格物，致知之義，而今亡矣。,"Hữu truyện chi ngũ chương, cái thích “cách vật” trí tri chi nghĩa, nhi kim vong hỷ.","Trên đây là chương thứ năm của phần Truyện, vốn là giải rõ ý nghĩa của “cách vật trí tri”, nhưng ngày nay đã mất rồi."
PKS_007,PKS_007.007,PKS_007.007.005,PKS_007.007.002,閒嘗竊取程子之意以補之曰：所謂 “致知在格物”者，言欲致吾之知，在即物而窮其理也。蓋人心之靈莫不有知? 而天下之物，莫不有理? 惟於理有未窮，故其知有不盡也。是以大學始教，必使學者即凡天下之物，莫不因其已知之理而益窮之，以求至乎其極。至於用力之久，而一旦豁然貫通焉，則眾物之表裡精粗無不到，而吾心之全體大用，無不明矣。此謂 “物格”。此謂知之至也。,"Gian thường thiết thủ Trình tử chi ý, di bổ chi viết: Sở vị “trí tri tại cách vật” giả, ngôn dục trí ngô chi trí, tại tức vật nhi cùng kỳ lý dã. Cái nhân tâm chi linh, mạc bất hữu tri? Nhi thiên hạ chi vật, mạc bất hữu lý? Duy lý hữu vị cùng, cố kỳ tri hữu bất tận dã. Thị dĩ “đại học” thủy giáo, tất sử học giả tức phàm thiên hạ chi vật, mạc bất nhân kỳ dĩ tri chi lý, nhi ích cùng chi, dĩ cầu chí hồ kỳ cực. Chí ư dụng lực chi cửu, nhi nhất đán hoát nhiên quán thông yên; tắc chúng vật chi biểu lý, tinh thô, vô bất đáo; nhi ngô tâm chi toàn thể, đại dụng, vô bất minh hỹ. Thử vị “vật cách”; thử vị tri chi chí dã.","Khoảng thời gian trước, (tôi) đã từng trộm lấy ý của thầy Trình tử để thêm vào rằng: Cái gọi là “trí tri tại cách vật” ấy là muốn nói cho sự hiểu biết của ta đạt tới chỗ thấu đáo, thì phải tìm đến cùng cái lý của sự vật. Bởi vì tính thiêng liêng của tâm hồn con người, chẳng có gì không biết! Thế mà, sự vật trong thiên hạ, chẳng có gì không có lý do! Duy chưa xét đến cùng cái lý, cho nên sự hiểu biết không được rốt ráo. Vì vậy, bậc đại học bắt đầu dạy dỗ, ắt khiến cho người học biết rằng sự vật trong thiên hạ chẳng có gì mà không nhân cái lý đã biết, rồi mở rộng đến cùng để tìm đến chỗ tột bậc. Đến khi dùng sức được lâu dài, mà một sớm thấu rõ thông suốt hết, thì mọi vật từ ngoài vào trong, từ tinh túy đến thô sơ, không có gì không thấu đáo; thế là toàn thể tâm hồn ta, dùng vào mọi sự, không chỗ nào không thấu suốt. Đó gọi là “vật cách”; đó gọi là biết cùng tột vậy."
PKS_007,PKS_007.008,PKS_007.008.006,PKS_007.008.001,所謂誠其意者，毋自欺也。如惡惡臭，如好好色。此之謂自謙。故君子必慎其獨也。,"Sở vị “thành kỳ ý” giả, vô tự khi dã; như ố ác xú, như hiếu hảo sắc. Thử chi vị tự khiểm. Cố quân tử tất thận kỳ độc dã.","Điều gọi là “thành thật ý mình”, ấy là đừng tự lừa dối mình; như ghét mùi hôi thối, như ưa thích cảnh tượng đẹp. Đó gọi là tự cảm thấy thỏa ý. Cho nên bậc quân tử ắt phải thận trọng lúc ở một mình."
PKS_007,PKS_007.008,PKS_007.008.006,PKS_007.008.002,小人閒居為不善，無所不至；見君子而后厭然，揜其不善而著其善；人之視己，如見其肺肝然，則何益矣? 此謂誠於中，形於外。故君子必慎其獨也。,"Tiểu nhân nhàn cư vi bất thiện; vô sở bất chí. Kiến quân tử nhi hậu yếm nhiên, yểm kỳ bất thiện, nhi trứ kỳ thiện. Nhân chi thị kỷ, như kiến kỳ phế can nhiên. Tắc hà ích hỹ? Thử vị thành ư trung, hình ư ngoại. Cố quân tử tất thận kỳ độc dã.","Kẻ tiểu nhân ở rảnh rỗi thì làm điều chẳng tốt lành; chẳng có gì không làm. Thấy bậc quân tử thì e ngại, che đậy điều xấu của mình, mà bày tỏ điều tốt ra. Người ta nhìn mình như trông thấy cả phổi gan. Thế thì ích lợi gì? Đó gọi là thành tựu ở trong thì hiện rõ ra ngoài. Cho nên bậc quân tử ắt phải thận trọng lúc ở một mình."
PKS_007,PKS_007.008,PKS_007.008.006,PKS_007.008.003,曾子曰：十目所視，十手所指，其嚴乎!,"Tăng tử viết: “Thập mục sở thị, thập thủ sở chỉ, kỳ nghiêm hồ!”","Tăng tử nói rằng: “Mười mắt nhìn vào, mười tay chỉ vào đáng sợ lắm thay!”"
PKS_007,PKS_007.008,PKS_007.008.006,PKS_007.008.004,富潤屋，德潤身，心廣，體胖。故君子必誠其意。,"Phú nhuận ốc, đức nhuận thân; tâm quảng, thể bàn. Cố quân tử tất thành kỳ ý.","Giàu có làm cho nhà cửa đẹp đẽ; đức hạnh làm cho thân thể nhuần nhã. Tâm hồn rộng mở, thân thể thư thái. Cho nên bậc quân tử ắt phải thành thật ý mình."
PKS_007,PKS_007.008,PKS_007.008.006,PKS_007.008.005,右傳之六章，釋誠意。,"Hữu truyện chi lục chương, thích “thành ý”.","Trên đây là chương thứ sáu của phần Truyện, giải rõ [ý nghĩa] “thành ý”."
PKS_007,PKS_007.009,PKS_007.009.007,PKS_007.009.001,所謂“脩身在正其心”者，身有所忿懥，則不得其正；有所恐懼，則不得其正；有所好樂，則不得其正；有所憂患，則不得其正。,"Sở vị “tu thân tại chính kỳ tâm” giả, thân hữu sở phẫn sí, tắc bất đắc kỳ chính; hữu sở khủng cụ, tắc bất đắc kỳ chính; hữu sở hiếu lạc, tắc bất đắc kỳ chính; hữu sở ưu hoạn, tắc bất đắc kỳ chính.","Điều gọi là “sửa thân mình ở tại làm cho lòng mình được chính đáng”, ấy là mình có điều tức giận thì không được chính đáng; có điều sợ hãi, thì không được chính đáng; có điều ham vui, thì không được chính đáng; có điều lo buồn, thì không được chính đáng."
PKS_007,PKS_007.009,PKS_007.009.007,PKS_007.009.002,心不在焉，視而不見，聽而不聞，食而不知其味。,"Tâm bất tại yên, thị nhi bất kiến, thính nhi bất văn, thực nhi bất tri kỳ vị.","Lòng không ở tại, thì nhìn mà không trông thấy, lắng tai mà không nghe thấy, ăn mà không biết mùi vị."
PKS_007,PKS_007.009,PKS_007.009.007,PKS_007.009.003,此謂脩身在正其心。,Thử vị tu thân tại chính kỳ tâm.,Như thế là sửa thân mình ở tại làm cho lòng mình được chính đáng.
PKS_007,PKS_007.009,PKS_007.009.007,PKS_007.009.004,(右傳之七章，釋正心修身。),"Hữu truyện chi thất chương, thích “chính tâm, tu thân”.","Trên đây là chương thứ bảy của phần Truyện, giải rõ [ý nghĩa] “chính tâm, tu thân”."
PKS_007,PKS_007.010,PKS_007.010.008,PKS_007.010.001,所謂“齊其家在修其身”者，人之其所親愛，而辟焉，之其所賤惡而辟焉，之其所畏敬而辟焉。之其所哀矜而辟焉，之其所敖惰而辟焉。故好而知其惡，惡而知其美者，天下鮮矣。,"Sở vị “tề kỳ gia, tại tu kỳ thân” giả, nhân chi kỳ sở thân ái, nhi tịch yên; chi kỳ sở tiện ố, nhi tịch yên; chi kỳ sở úy kính, nhi tịch yên; chi kỳ sở ai căng, nhi tịch yên; chi kỳ sở ngạo đọa, nhi tịch yên. Cố hiếu nhi tri kỳ ác, ố nhi tri kỳ mỹ giả, thiên hạ tiển hỹ.","Điều gọi là “điều chỉnh nhà mình ở tại sửa thân mình” ấy là người ta đối với kẻ mình yêu mến thì hay thiên lệch; đối với kẻ mình khinh ghét thì hay thiên lệch; đối với kẻ mình kính sợ, thì hay thiên lệch; đối với kẻ mình thương xót, thì hay thiên lệch; đối với kẻ mình coi thường, thì hay thiên lệch. Cho nên, ưa thích ai mà biết đến cái xấu của họ, ghét ai mà biết đến cái đẹp của họ, thiên hạ ít có vậy."
PKS_007,PKS_007.010,PKS_007.010.008,PKS_007.010.002,故諺有之曰：人莫知其子之惡，莫知其苗之碩。,"Cố ngạn hữu chi viết: “Nhân mạc tri kỳ tử chi ác, mạc tri kỳ miêu chi thạc.”","Vì thế có câu tục ngữ nói rằng: “Người ta chẳng biết cái xấu của con mình, chẳng biết cái tốt của lúa nhà mình.”"
PKS_007,PKS_007.010,PKS_007.010.008,PKS_007.010.003,此謂身不脩，不可以齊其家。,"Thử vị thân bất tu, bất khả dĩ tề kỳ gia.","Như thế gọi là thân không sửa, không thể điều chỉnh nhà mình được."
PKS_007,PKS_007.010,PKS_007.010.008,PKS_007.010.004,(右傳之八章，釋修身齊家。),"Hữu truyện chi bát chương, thích “tu thân tề gia”.","Trên đây là chương thứ tám của phần Truyện, giải rõ [ý nghĩa của] “tu thân, tề gia”."
PKS_007,PKS_007.011,PKS_007.011.009,PKS_007.011.001,所謂“治國必先齊其家”者，其家不可教，而能教人者，無之。故君子不出家，而成教於國。孝者，所以事君也；弟者，所以事長也；慈者，所以使眾也。,"Sở vị “trị quốc, tất tiên tề kỳ gia”, kỳ gia bất khả giáo, nhi năng giáo nhân giả, vô chi. Cố quân tử bất xuất gia nhi thành giáo ư quốc. Hiếu giả sở dĩ sự quân dã; đễ giả sở dĩ sự trưởng giả; từ giả sở dĩ sử chúng dã.","Điều gọi là “trị nước trước hết điều chỉnh nhà mình” ấy là nhà mình không giáo dục được mà có thể giáo dục được người khác, điều đó không có. Cho nên bậc quân tử không ra khỏi nhà mà thành tựu được việc giáo dục dân nước. Đức hiếu cốt để thờ vua; đức đễ cốt để tôn trọng người trên; đức từ cốt để sai khiến dân chúng."
PKS_007,PKS_007.011,PKS_007.011.009,PKS_007.011.002,康誥曰：如保赤子。心誠求之，雖不中，不遠矣。未有學養子，而後嫁者也。,"Khang Cáo viết: “Như bảo xích tử.” Tâm thành cầu chi; tuy bất trúng, bất viễn hỹ. Vị hữu học dưỡng tử, nhi hậu giá giả dã.",Thiên Khang Cáo nói rằng: “Như giữ gìn con đỏ.” Có lòng thành tìm hiểu tuy không trúng thì cũng không xa. Chưa từng có ai học nuôi con rồi sau mới lấy chồng.
PKS_007,PKS_007.011,PKS_007.011.009,PKS_007.011.003,一家仁，一國興仁；一家讓，一國興讓；一人貪戾，一國作亂；其機如此。此謂一言僨事，一人定國。,"Nhất gia nhân, nhất quốc hưng nhân; nhất gia nhượng, nhất quốc hưng nhượng. Nhất nhân tham lệ, nhất quốc tác loạn. Kỳ cơ như thử. Thử vị: “Nhất ngôn phẫn sự, nhất nhân định quốc.”","Một nhà làm điều nhân, một nước cũng dấy lên điều nhân; một nhà có sự nhường nhịn, một nước cũng dấy lên sự nhường nhịn. Một người tham lam ngang ngược, một nước phát khởi rối loạn. Cái mầm mống phát động là như thế. Thế gọi là: “Một lời làm hỏng việc, một người ổn định được nước.”"
PKS_007,PKS_007.011,PKS_007.011.009,PKS_007.011.004,堯舜帥天下以仁，而民從之；桀紂帥天下以暴，而民從之。其所令反其所好，而民不從。故君子有諸己，而后求諸人；無諸己，而后非諸人。所藏乎身不怒，而能喻諸人者，未之有也。 故治國在齊其家。,"Nghiêu, Thuấn suất thiên hạ dĩ nhân, nhi dân tùng chi. Kiệt, Trụ suất thiên hạ dĩ bạo, nhi dân tùng chi. Kỳ sở lệnh phản kỳ sở hiếu, nhi dân bất tùng. Cố quân tử hữu chư kỷ, nhi hậu cầu chư nhân; vô chư kỷ, nhi hậu phi chư nhân Sở tàng hồ thân bất thứ, nhi năng dụ chư nhân giả, vị chi hữu dã. Cố trị quốc, tại tề kỳ gia.","Vua Nghiêu, vua Thuấn lấy đức nhân điều khiển thiên hạ, thì dân theo; vua Kiệt, vua Trụ lấy bạo tàn điều khiển thiên hạ, thì dân theo. Mệnh lệnh của mình mà trái với điều mình ưa thích thì dân không theo. Cho nên bậc quân tử có điều gì ở mình rồi sau mới đòi hỏi ở người; không có mình rồi sau mới khiến không có ở người được. Điều mà thân mình chẳng tự suy mình ra người, lại đem dạy bảo cho người, chưa hề có vậy. Cho nên việc trị nước ở tại việc điều chỉnh gia đình."
PKS_007,PKS_007.011,PKS_007.011.009,PKS_007.011.005,詩云：桃之夭夭，其葉蓁蓁，之子于歸，宜其家人。宜其家人，而后可以教國人。,"Thi vân: “Đào chi yêu yêu, kỳ diệp tần tần; chi tử vu qui, nghi kỳ gia nhân.” Nghi kỳ gia nhân, nhi hậu khả dĩ giáo quốc nhân.","Kinh Thi rằng: “Cây đào mơn mởn, lá nó sum suê, nàng ấy về nhà chồng, cư xử hợp với người trong nhà.” Cư xử hợp với người trong nhà, rồi sau mới có thể giáo dục người trong nước."
PKS_007,PKS_007.011,PKS_007.011.009,PKS_007.011.006,詩云，宜兄宜弟。宜兄宜弟，而後可以教國人。,"Thi vân: “Nghi huynh nghi đệ.” Nghi huynh nghi đệ, nhi hậu khả dĩ giáo quốc nhân.","Kinh Thi rằng: “Xứng hợp với anh, xứng hợp với em.” Xứng hợp với anh, xứng hợp với em, rồi sau mới có thể giáo dục người trong nước."
PKS_007,PKS_007.011,PKS_007.011.009,PKS_007.011.007,詩云：其儀不忒，正是四國。其為父子兄弟足法，而后民法之也。 此謂治國，在齊其家。,"Thi vân: “Kỳ nghi bất thắc, chính thị tứ quốc”, kỳ vị phụ, tử, huynh, đệ túc pháp, nhi hậu dân pháp chi dã. Thử vị trị quốc tại tề kỳ gia.","Kinh Thi rằng: “Dáng mạo không sai lầm, làm cho bốn nước được ngay thẳng.” Làm cha, con, anh, em đều giữ đủ phép tắc, rồi sau dân chúng mới bắt chước. Thế là việc trị nước ở tại điều chỉnh nhà mình."
PKS_007,PKS_007.011,PKS_007.011.009,PKS_007.011.008,右傳之九章，釋齊家治國。,"Hữu truyện chi cửu chương, thích “tề gia trị quốc”.","Trên đây là chương thứ chín phần Truyện, giải rõ [ý nghĩa của] “tề gia, trị quốc”."
PKS_007,PKS_007.012,PKS_007.012.010,PKS_007.012.001,所謂平天下在治其國者，上老老而民興孝；上長長，而民興弟；上恤孤而民不倍。是以君子有絜矩之道也。,"Sở vị “bình thiên hạ, tại trị kỳ quốc” giả, thượng lão lão, nhi dân hưng hiếu; thượng trưởng trưởng, nhi dân hưng đễ. Thượng tuất cô, nhi dân bất bội. Thị dĩ quân tử hữu hiệt củ chi đạo dã.","Điều gọi là “làm cho thiên hạ được bình an ở tại trị quốc” ấy là người trên hết lòng tôn kính người già, thì dân dấy lên đức hiếu, người trên hết lòng trọng vọng bậc đàn anh, thì dân dấy lên đức đễ; người trên thương xót kẻ mồ côi, thì dân không làm điều trái nghịch. Vậy nên bậc quân tử có đường lối chuẩn mực."
PKS_007,PKS_007.012,PKS_007.012.010,PKS_007.012.002,所惡於上，毋以使下；所惡於下，毋以事上；所惡於前，毋以先後；所惡於後，毋以從前；所惡於右，毋以交於左；所惡於左，毋以交於右；此之謂絜矩之道。,"Sở ố ư thượng, vô dĩ sử hạ; sở ố ư hạ, vô dĩ sự thượng. Sở ố ư tiền, vô dĩ tiến hậu; sở ố ư hậu, vô dĩ tùng tiền. Sở ố ư hữu, vô dĩ giao ư tả; sở ố ư tả, vô dĩ giao ư hữu. Thử chi vị hiệt củ chi đạo.","Điều gì mình ghét ở người trên, đừng đem sai khiến người dưới; điều gì mình ghét ở người dưới, đừng đem phụng sự người trên; điều gì mình ghét ở người trước, đừng đem tiến hành với người sau; điều gì mình ghét ở người sau, đừng đem làm theo cho người trước; điều gì mình ghét ở người bên phải, đừng đem giao cho người bên trái; điều gì mình ghét ở người bên trái, đừng đem giao cho người bên phải. Như thế gọi là đường lối chuẩn mực vậy."
PKS_007,PKS_007.012,PKS_007.012.010,PKS_007.012.003,詩云：樂只君子，民之父母。民之所好好之，民之所惡惡之，此之謂民之父母。,"Thi vân: “Lạc chỉ quân tử, dân chi phụ mẫu.” Dân chi sở hiếu, hiếu chi; dân chi sở ố, ố chi. Thử chi vị dân chi phụ mẫu.","Kinh Thi rằng: “Vui thay quân tử, cha mẹ của dân.” Điều gì dân thích, mình thích; điều gì dân ghét, mình ghét. Như thế gọi là cha mẹ của dân."
PKS_007,PKS_007.012,PKS_007.012.010,PKS_007.012.004,詩云：節彼南山，維石巖巖；赫赫師尹，民具爾瞻。有國者不可以不慎，辟，則為天下僇矣。,"Thi vân: “Tiệt bỉ Nam sơn, duy thạch nham nham, hách hách Sư Doãn, dân cụ nhĩ chiêm.” Hữu quốc giả bất khả dĩ bất thận, tịch, tắc vi thiên hạ lục hỹ.","Kinh Thi rằng: “Núi Nam kia cao ngất, chỉ có đá chập chồng. Lẫm liệt thay Sư Doãn, dân chúng đều ngắm ông.” Người có nước không thể không thận trọng, lệch lạc thì bị thiên hạ giết chết."
PKS_007,PKS_007.012,PKS_007.012.010,PKS_007.012.005,詩云：殷之未喪師，克配上帝；儀監于殷，峻命不易。道德眾，則得國；失眾，則失國。,"Thi vân: “Ân chi vị táng sư, khắc phối Thượng đế. Nghi giám vu Ân: tuấn mệnh bất dị.” Đạo đắc chúng, tắc đắc quốc; thất chúng, tắc thất quốc.","Kinh Thi rằng: “Nhà Ân hồi chưa mất dân, hay kết hiệp với Thượng đế.Hãy coi nhà Ân làm mẫu: mệnh lớn không dễ dàng đâu!” Nói cho rõ là được dân chúng, thì được nước; mất dân chúng thì mất nước."
PKS_007,PKS_007.012,PKS_007.012.010,PKS_007.012.006,是故君子先慎乎德。有德此有人；有人此有土，有土此有財，有財此有用。,"Thị cố, quân tử tiên thận hồ đức. Hữu đức, thử hữu nhân; hữu nhân, thử hữu thổ; hữu thổ, thử hữu tài; hữu tài, thử hữu dụng.","Vậy nên, bậc quân tử trước hết là thận trọng giữ đức. Có đức, ấy là có người; có người ấy là có đất; có đất ấy là có của cải; có của cải ấy là có chỗ dùng."
PKS_007,PKS_007.012,PKS_007.012.010,PKS_007.012.007,德者，本也；財者，末也。外本內末，爭民施奪。是故財聚則民散，財散則民聚。 是故言悖而出者，亦悖而入；貨悖而入者，亦悖而出。,"Đức giả bản dã; tài giả mạt dã. Ngoại bản, nội mạt, tranh dân, thi đoạt. Thị cố, tài tụ tắc dân tán; tài tán tắc dân tụ. Thị cố, ngôn bội nhi xuất giả, diệc bội nhi nhập; hóa bội nhi nhập giả, diệc bội nhi xuất.","Đức là gốc, của cải là ngọn. Gốc đặt ở ngoài, ngọn đem vào trong, ấy là tranh giành với dân bày ra việc cướp giật. Vậy nên, của cải họp lại, thì dân tản ra; của cải tản ra thì dân họp lại. Vậy nên, có lời ngang trái đưa ra, cũng có điều ngang trái theo vào; tiền của vào theo cách ngang trái, cũng đi ra theo cách ngang trái."
PKS_007,PKS_007.012,PKS_007.012.010,PKS_007.012.008,康誥曰：惟命不于常。道善則得之，不善則失之矣。,"Khang cáo viết: “Duy mệnh bất vu thường.” Đạo thiện tắc đắc chi; bất thiện, tắc thất chi hỹ.","Thiên Khang Cáo nói: “Riêng mệnh không ở mãi.” Nói cho rõ là thiện thì được, chẳng thiện thì mất."
PKS_007,PKS_007.012,PKS_007.012.010,PKS_007.012.009,楚書曰：楚國無以為寶；惟善以為寶。,Sở thư viết: “Sở quốc vô dĩ vi bảo; duy thiện dĩ vi bảo.”,"Sách nước Sở nói: “Nước Sở không lấy gì làm quí, riêng lấy điều thiện làm quí.”"
PKS_007,PKS_007.012,PKS_007.012.010,PKS_007.012.010,舅犯曰：亡人無以為寶，仁親以為寶。,Cữu Phạm viết: “Vong nhân vô dĩ vi bảo; nhân thân dĩ vi bảo.”,Ông Cữu Phạm nói: “Người mất nước chẳng lấy gì làm quí; lấy việc yêu người thân làm quí thôi.”
PKS_007,PKS_007.012,PKS_007.012.010,PKS_007.012.011,秦誓曰：若有一個臣，斷斷兮，無他技；其心休休焉，其如有容焉；人之有技，若己有之；人之彥聖，其心好之；不啻若自其口出，實能容之，以能保我子孫黎民，尚亦有利哉!,"Tần thệ viết: “Nhược hữu nhất cá thần, đoán đoán hề, vô tha kỹ, kỳ tâm hưu hưu yên, kỳ như hữu dung yên. Nhân chi hữu kỹ, nhược kỷ hữu chi; nhân chi ngạn thánh, kỳ tâm hiếu chi; bất thí nhược tự kỳ khẩu xuất, thật năng dung chi; dĩ năng bảo ngã tử tôn lê dân; thượng diệc hữu lợi tai!","Thiên Tần thệ nói rằng: “Ví bằng có một người bầy tôi nào đó, thật là thành khẩn, không có tài năng nào khác, mà lòng thì thảnh thơi cởi mở, dường như có khả năng bao dung. (Thấy) người có tài năng, coi như mình có, (thấy) người tốt đẹp thông tỏ, lòng thấy ưa thích, dường như chẳng những nói ra miệng, còn thật lòng bao dung, dùng người ấy có thể giữ gìn được con cháu và dân đen của ta, ngõ hầu cũng có lợi biết bao!"
PKS_007,PKS_007.012,PKS_007.012.010,PKS_007.012.012,人之有技，媢嫉以惡之；人之彥聖，而違之俾不通，實不能容，以不能保我子孫黎民，亦曰殆哉!,"“Nhân chi hữu kỹ, mạo tật dĩ ố chi; nhân chi ngạn thánh; nhi vi chi, tỷ bất thông, thật bất năng dung; dĩ bất năng bảo ngã tử tôn lê dân; diệc viết đãi tai!”","“(Thấy) người có tài năng, ghen tuông ghét bỏ; (thấy) người tốt đẹp thông tỏ, thì ngăn trở, khiến cho không thăng tiến được, thật chẳng có lòng bao dung; dùng người ấy không thể giữ gìn được con cháu và dân den của ta, cũng là nguy hại biết bao!”"
PKS_007,PKS_007.012,PKS_007.012.010,PKS_007.012.013,唯仁人放流之，迸諸四夷，不與同中國。此謂唯仁人為能愛人，能惡人。,"Duy nhân nhân phóng lưu chi, bỉnh chư tứ di, bất dữ đồng trung quốc. Thử vị duy nhân nhân, vi năng ái nhân, năng ố nhân.","Chỉ có người nhân mới biết trục xuất kẻ đó, đuổi đi bốn xứ mọi rợ, không cho cùng ở trong nước. Như thế thật là chỉ có người nhân mới biết yêu người, biết ghét người."
PKS_007,PKS_007.012,PKS_007.012.010,PKS_007.012.014,見賢而不能舉，舉而不能先，命也；見不善而不能退，退而不能遠，過也。,"Kiến hiền nhi bất năng cử, cử nhi bất năng tiên, mệnh dã. Kiến bất thiện nhi bất năng thối, thối nhi bất năng viễn, quá dã.","Thấy người có tài đức mà không chịu cất nhắc, cất nhắc mà không chịu đưa ra trước, là khinh thường vậy. Thấy kẻ chẳng lành mà không chịu bỏ đi, bỏ đi mà không chịu đày đi xa, lầm lỗi vậy."
PKS_007,PKS_007.012,PKS_007.012.010,PKS_007.012.015,好人之所惡，惡人之所好，是謂拂人之性，菑必逮夫身。 是故君子有大道，必忠信以得之，驕泰以失之。,"Hiếu nhân chi sở ố, ố nhân chi sở hiếu, thị vị phất nhân chi tính. Tai tất đãi phù thân. Thị cố quân tử hữu đại đạo: tất trung tín dĩ đắc chi, kiêu thái dĩ thất chi.","Ưa thích cái thứ người ta ghét, ghét cái thứ người ta ưa thích, ấy gọi là trái với tính con người. Tai họa ắt theo đến thân. Vậy nên bậc quân tử có đường lối lớn này: hễ trung thành tín thực thì được, kiêu căng xa xỉ thì mất."
PKS_007,PKS_007.012,PKS_007.012.010,PKS_007.012.016,生財有大道；生之者衆，食之者寡；為之者疾，用之者舒；則財恆足矣。,"Sinh tài hữu đại đạo: sinh chi giả chúng, thực chi giả quả; vi chi giả tật, dụng chi giả thư; tắc tài hằng túc hỹ.","Việc làm ra của cải có đường lối lớn này: làm ra thì nhiều, ăn tiêu thì ít; làm thì mau mắn, chi dùng thì thư thả; như vậy của cải thường xuyên đầy đủ."
PKS_007,PKS_007.012,PKS_007.012.010,PKS_007.012.017,仁者以財發身，不仁者以身發財。,Nhân giả dĩ tài phát thân; bất nhân giả dĩ thân phát tài.,Người nhân lấy của cải phát triển thân mình; kẻ bất nhân lấy thân mình phát triển của cải.
PKS_007,PKS_007.012,PKS_007.012.010,PKS_007.012.018,未有上好仁，而下不好義者也；未有好義，其事不終者也；未有府庫財，非其財者也。,"Vị hữu thượng hiếu nhân, nhi hạ bất hiếu nghĩa giả dã. Vị hữu hiếu nghĩa. Kỳ sự bất chung giả dã. Vị hữu phủ khố tài, phi kỳ tài giả dã.",Chưa từng có người trên ưa thích điều nhân mà người dưới không ưa thích điều nghĩa. Chưa từng có sự ưa thích điều nghĩa mà việc không thành tựu. Chưa từng có của cải trong kho tàng mà chẳng phải là của cải của người trên vậy.
PKS_007,PKS_007.012,PKS_007.012.010,PKS_007.012.019,孟獻子曰：畜馬乘，不察於雞豚；伐冰之家，不畜牛羊；百乘之家，不畜聚歛之臣；與其有聚歛之臣，寧有盜臣。此謂國不以利為利，以義為利也。,"Mạnh Hiến Tử viết: “Súc mã thặng, bất sát ư kê đồn. Phạt băng chi gia, bất súc ngưu dương. Bách thặng chi gia, bất súc tụ liễm chi thần. Dữ kỳ hữu tụ liễm chi thần, ninh hữu đạo thần.” Thử vị “Quốc bất dĩ lợi vi lợi, dĩ nghĩa vi lợi dã.”","Ông Mạnh Hiến tử nói rằng: “Nuôi ngựa kéo xe, không xét đến gà, heo. Nhà có chứa nước đá không nuôi bò dê. Nhà có trăm cỗ xe không nuôi bầy tôi vơ vét. Ví thử có bầy tôi vơ vét, thà rằng có bầy tôi trộm cắp.” Như thế gọi là “Nước không lấy lợi làm lợi, mà lấy nghĩa làm lợi vậy.”"
PKS_007,PKS_007.012,PKS_007.012.010,PKS_007.012.020,長國家而務財用者，必自小人矣，彼為善之。小人之使為國家，菑害並至，雖有善者，亦無如之何矣。此謂國不以利為利，以義為利也。,"Trưởng quốc gia nhi vụ tài dụng giả, tất tự tiểu nhân hỹ. Bỉ vi thiện chi. Tiểu nhân chi sử vi quốc gia, tai hại tịnh chí. Tuy hữu thiện giả, diệc vô như chi hà hỹ. Thử vị “Quốc bất dĩ lợi vi lợi, dĩ nghĩa vi lợi dã.”","Đứng đầu quốc gia mà chăm chắm vào việc dùng tiền của, ắt là do kẻ tiểu nhân, cho đó là ngay lành. Sai khiến kẻ tiểu nhân điều khiển quốc gia, thì tai họa, tổn hại đều đến. Dẫu có bậc ngay lành, cũng không biết làm như thế nào. Như thế gọi là “Nước không lấy lợi làm lợi, mà lấy nghĩa làm lợi vậy.”"
PKS_007,PKS_007.012,PKS_007.012.010,PKS_007.012.021,右傳之十章，釋治國平天下。,"Hữu truyện chi thập chương, thích “trị quốc bình thiên hạ”.","Trên đây là chương thứ mười, giải rõ [ý nghĩa của] “trị quốc bình thiên hạ”."